{
  "last_node_id": 208,
  "last_link_id": 361,
  "nodes": [
    {
      "id": 176,
      "type": "LoadImage",
      "pos": [
        977.9140625,
        1663.5936279296875
      ],
      "size": [
        240.35882568359375,
        314
      ],
      "flags": {},
      "order": 0,
      "mode": 0,
      "inputs": [],
      "outputs": [
        {
          "name": "IMAGE",
          "type": "IMAGE",
          "links": [
            348
          ],
          "slot_index": 0,
          "label": "IMAGE"
        },
        {
          "name": "MASK",
          "type": "MASK",
          "links": null,
          "label": "MASK"
        }
      ],
      "properties": {
        "Node name for S&R": "LoadImage"
      },
      "widgets_values": [
        "7fd4db69b988a95889d84db77ee9af88.jpeg",
        "image"
      ]
    },
    {
      "id": 187,
      "type": "BiRefNet_Loader",
      "pos": [
        1267.5089111328125,
        1717.0570068359375
      ],
      "size": [
        315,
        82
      ],
      "flags": {},
      "order": 1,
      "mode": 0,
      "inputs": [],
      "outputs": [
        {
          "name": "model",
          "type": "BIREFNET_MODEL",
          "links": [
            350
          ],
          "slot_index": 0,
          "label": "model"
        }
      ],
      "properties": {
        "Node name for S&R": "BiRefNet_Loader"
      },
      "widgets_values": [
        "BiRefNet_HR",
        "auto"
      ]
    },
    {
      "id": 205,
      "type": "BiRefNet_Remove_Background",
      "pos": [
        1249.5377197265625,
        1866.2694091796875
      ],
      "size": [
        352.79998779296875,
        102
      ],
      "flags": {},
      "order": 2,
      "mode": 0,
      "inputs": [
        {
          "name": "model",
          "type": "BIREFNET_MODEL",
          "link": 350,
          "label": "model"
        },
        {
          "name": "image",
          "type": "IMAGE",
          "link": 348,
          "label": "image"
        }
      ],
      "outputs": [
        {
          "name": "image",
          "type": "IMAGE",
          "links": [
            360
          ],
          "slot_index": 0,
          "label": "image"
        },
        {
          "name": "mask",
          "type": "MASK",
          "links": [
            361
          ],
          "slot_index": 1,
          "label": "mask"
        }
      ],
      "properties": {
        "Node name for S&R": "BiRefNet_Remove_Background"
      },
      "widgets_values": [
        "transparency",
        true
      ]
    },
    {
      "id": 207,
      "type": "PreviewImage",
      "pos": [
        1670.326904296875,
        1709.2568359375
      ],
      "size": [
        280.2456359863281,
        257.28948974609375
      ],
      "flags": {},
      "order": 3,
      "mode": 0,
      "inputs": [
        {
          "name": "images",
          "type": "IMAGE",
          "link": 360,
          "label": "images"
        }
      ],
      "outputs": [],
      "properties": {
        "Node name for S&R": "PreviewImage"
      }
    },
    {
      "id": 208,
      "type": "PreviewMask_",
      "pos": [
        1958.4937744140625,
        1713.248291015625
      ],
      "size": [
        268.3631286621094,
        257.28948974609375
      ],
      "flags": {},
      "order": 4,
      "mode": 0,
      "inputs": [
        {
          "name": "mask",
          "type": "MASK",
          "link": 361,
          "label": "mask"
        }
      ],
      "outputs": [],
      "properties": {
        "Node name for S&R": "PreviewMask_"
      }
    }
  ],
  "links": [
    [
      348,
      176,
      0,
      205,
      1,
      "IMAGE"
    ],
    [
      350,
      187,
      0,
      205,
      0,
      "BIREFNET_MODEL"
    ],
    [
      360,
      205,
      0,
      207,
      0,
      "IMAGE"
    ],
    [
      361,
      205,
      1,
      208,
      0,
      "MASK"
    ]
  ],
  "groups": [],
  "config": {},
  "extra": {
    "ds": {
      "scale": 0.7972024500000005,
      "offset": [
        -461.23542090406414,
        -1415.2402586017017
      ]
    },
    "groupNodes": {},
    "workspace_info": {
      "id": "pKI3Qnf-IGcLhQt5lTXpN",
      "saveLock": false,
      "cloudID": null,
      "coverMediaPath": null
    },
    "ue_links": [],
    "VHS_latentpreview": false,
    "VHS_latentpreviewrate": 0
  },
  "version": 0.4
}